{
    "name": "Bloody Strikes",
    "description": "When attacking with your hands, you cause the Bleeding debuff to those you hit, where once they lose a set amount of health, lowers attack damage, speed, and causes nausea, also does damage over time.",
    "type": "origins:action_on_hit",
    "bientity_action": {
        "type": "origins:target_action",
        "action": {
            "type": "origins:if_else",
            "condition": {
                "type": "origins:power",
                "power": "bloodreborn:bleedinflict"
            },
            "if_action": {
                "type": "origins:change_resource",
                "resource": "*:bleedinflict_resource",
                "change": 1
            },
            "else_action": {
                "type": "origins:and",
                "actions": [
                    {
                        "type": "origins:execute_command",
                        "command": "power grant @s bloodreborn:bleedinflict"
                    },
                    {
                        "type": "origins:delay",
                        "ticks": 1,
                        "action": {
                            "type": "origins:change_resource",
                            "resource": "*:bleedinflict_resource",
                            "change": 1
                        }
                    }
                ]
            }
        }
    },
    "bientity_condition": {
        "type": "origins:actor_condition",
        "condition": {
            "type": "origins:equipped_item",
            "equipment_slot": "mainhand",
            "item_condition": {
                "type": "origins:empty"
            }
        }
    }
}