{
    "hidden": true,
    "type": "origins:multiple",
    "resource": {
        "type": "origins:resource",
        "min": 0,
        "max": 10,
        "hud_render": {
            "should_render": false
        },
        "min_action": {
            "type": "origins:execute_command",
            "command": "power remove @s bloodreborn:bleedinflict"
        }
    },
    "damagething": {
        "type": "origins:action_over_time",
        "entity_action": {
            "type": "origins:and",
            "actions": [
                {
                    "type": "origins:change_resource",
                    "resource": "*:bleedinflict_resource",
                    "change": -1
                },
                {
                    "type": "origins:damage",
                    "amount": 1,
                    "source": {
                        "name": "bleeding",
                        "unblockable": true,
                        "bypasses_armor": true
                    },
                    "damage_type": "bloodreborn:bleed"
                },
                {
                    "type": "origins:execute_command",
                    "command": "particle dust 0.5 0 0 1 ~ ~1 ~ 0.3 0.5 0.3 0 150"
                },
                {
                    "type": "origins:execute_command",
                    "command": "execute as @a[predicate=bloodreborn:bloodreborn,distance=..10] run resource change @s bloodreborn:bloodpowered_resource 5"
                }
            ]
        },
        "interval": 40
    },
    "anemia_attributes": {
        "type": "origins:conditioned_attribute",
        "modifiers": [
            {
                "attribute": "minecraft:generic.attack_damage",
                "value": -2,
                "operation": "addition"
            },
            {
                "attribute": "minecraft:generic.movement_speed",
                "value": -0.015,
                "operation": "addition"
            }
        ],
        "tick_rate": 20,
        "condition": {
            "type": "origins:relative_health",
            "comparison": "<=",
            "compare_to": 0.5
        }
    },
    "anemia_nausea": {
        "type": "origins:stacking_status_effect",
        "min_stacks": 0,
        "max_stacks": 10,
        "duration_per_stack": 20,
        "effect": {
            "effect": "minecraft:nausea",
            "is_ambient": true,
            "show_particles": false,
            "show_icon": false
        },
        "condition": {
            "type": "origins:relative_health",
            "comparison": "<=",
            "compare_to": 0.33
        }
    }
}