{
    "name": "Bloodshot",
    "description": "By using your primary ability key, you can shoot out a bit of blood, dealing moderate damage to whomever it hits.",
    "type": "origins:multiple",
    "rocket1": {
        "type": "origins:fire_projectile",
        "entity_type": "minecraft:armor_stand",
        "speed": 0,
        "cooldown": 60,
        "hud_render": {
            "sprite_location": "origins:textures/gui/community/spiderkolo/resource_bar_02.png",
            "bar_index": 14
        },
        "sound": "entity.slime.attack",
        "tag": "{Small:1b,Invisible:1b,Tags:[\"bloodshotprojectile\"],CustomName:'[{\"text\":\"a bloodshot\"}]'}",
        "key": {
            "key": "key.origins.primary_active",
            "continuous": false
        },
        "condition": {
            "type": "origins:resource",
            "resource": "*:bloodpowered_resource",
            "comparison": ">=",
            "compare_to": 20
        }
    },
    "addtag": {
        "type": "origins:active_self",
        "entity_action": {
            "type": "origins:and",
            "actions": [
                {
                    "type": "origins:change_resource",
                    "resource": "*:bloodpowered_resource",
                    "change": -20
                },
                {
                    "type": "origins:delay",
                    "ticks": 0.2,
                    "action": {
                        "type": "origins:execute_command",
                        "command": "power grant @e[tag=bloodshotprojectile] bloodreborn:projectile/bloodshotpower"
                    }
                },
                {
                    "type": "origins:heal",
                    "amount": 0
                }
            ]
        },
        "cooldown": 60,
        "key": {
            "key": "key.origins.primary_active",
            "continuous": false
        },
        "condition": {
            "type": "origins:resource",
            "resource": "*:bloodpowered_resource",
            "comparison": ">=",
            "compare_to": 20
        }
    }
}