{
    "type": "origins:multiple",
    "name": "Vampiric Bloodlust",
    "description": "While your base stats are much lower than a normal human's, your stored blood can buff your abilities far beyond it as well.",
    "resource": {
        "type": "origins:resource",
        "min": 0,
        "max": 300,
        "hud_render": {
            "sprite_location": "origins:textures/gui/community/spiderkolo/resource_bar_01.png",
            "bar_index": 5
        }
    },
    "health_modification": {
        "type": "origins:modify_attribute",
        "attribute": "minecraft:generic.max_health",
        "modifier": {
            "operation": "add_base_early",
            "value": 0,
            "resource": "*:*_resource",
            "modifier": {
                "operation": "multiply_total_multiplicative",
                "value": -0.9333334
            }
        }
    },
    "speed_modification": {
        "type": "origins:modify_attribute",
        "attribute": "minecraft:generic.movement_speed",
        "modifier": {
            "operation": "add_base_early",
            "value": 0,
            "resource": "*:*_resource",
            "modifier": {
                "operation": "multiply_total_multiplicative",
                "value": -0.9999
            }
        }
    },
    "damage_modification": {
        "type": "origins:modify_damage_dealt",
        "condition": {
            "type": "origins:equipped_item",
            "equipment_slot": "mainhand",
            "item_condition": {
                "type": "origins:empty"
            }
        },
        "modifier": {
            "operation": "add_base_early",
            "value": 0,
            "resource": "*:*_resource",
            "modifier": {
                "operation": "multiply_total_multiplicative",
                "value": -0.98
            }
        }
    },
    "base_stat_modification": {
        "type": "origins:attribute",
        "modifiers": [
            {
                "attribute": "minecraft:generic.max_health",
                "value": -6,
                "operation": "addition"
            },
            {
                "attribute": "minecraft:generic.movement_speed",
                "value": -0.01,
                "operation": "addition"
            }
        ]
    }
}