{
    "type": "origins:multiple",
    "name": "Pseudo-immortality",
    "description": "By sacrificing natural regeneration and saturation, you can regenerate near infinitely, as long as you have blood.",
    "nohunger": {
        "type": "origins:modify_exhaustion",
        "modifier": {
            "name": "Increased exhaustion",
            "operation": "multiply_base",
            "value": -1.5
        }
    },
    "noregen": {
        "type": "origins:disable_regen"
    },
    "customregen": {
        "type": "origins:action_over_time",
        "entity_action": {
            "type": "origins:and",
            "actions": [
                {
                    "type": "origins:change_resource",
                    "resource": "*:bloodpowered_resource",
                    "change": -3
                },
                {
                    "type": "origins:heal",
                    "amount": 1
                }
            ]
        },
        "interval": 20,
        "condition": {
            "type": "origins:and",
            "conditions": [
                {
                    "type": "origins:relative_health",
                    "comparison": "<",
                    "compare_to": 0.975
                },
                {
                    "type": "origins:resource",
                    "resource": "*:bloodpowered_resource",
                    "comparison": ">=",
                    "compare_to": 3
                }
            ]
        }
    }
}