{
    "type": "origins:modify_damage_dealt",
    "name": "Inexperience",
    "description":  "Due to your inexperience in combat, all swords deal decreased damage.",
    "condition": {
        "type": "origins:equipped_item",
        "equipment_slot": "mainhand",
        "item_condition": {
            "type": "origins:ingredient",
            "ingredient": {
                "tag": "minecraft:swords"
            }
        }
    },
    "modifier": {
        "name": "Extra damage when submerged",
        "operation": "addition",
        "value": -3
    }
}