{
    "type": "origins:multiple",
    "particle": {
        "type": "origins:action_over_time",
        "entity_action": {
            "type": "origins:and",
            "actions": [
                {
                    "type": "origins:execute_command",
                    "command": "function bloodreborn:bloodshotcosmetic"
                },
                {
                    "type": "origins:execute_command",
                    "command": "execute unless blocks ~ ~-0.001 ~ ~ ~ ~ ~ ~ ~ masked run kill @s"
                },
                {
                    "type": "origins:add_velocity",
                    "z": 1.5,
                    "space": "local",
                    "set": true
                },
                {
                    "type": "origins:execute_command",
                    "command": "execute if entity @e[dx=1.5,dy=1.5,dz=1.5,predicate=!bloodreborn:bloodreborn,type=!armor_stand] run function bloodreborn:bloodshotdamage"
                }
            ]
        },
        "interval": 1
    },
    "nograv": {
        "type": "origins:modify_falling",
        "velocity": 0
    },
    "ongain": {
        "type": "origins:action_on_callback",
        "entity_action_gained": {
            "type": "origins:and",
            "actions": [
                {
                    "type": "origins:execute_command",
                    "command": "execute rotated as @a[predicate=bloodreborn:bloodreborn,limit=1,sort=nearest] run tp @s ~ ~ ~ ~ ~"
                },
                {
                    "type": "origins:delay",
                    "ticks": 13,
                    "action": {
                        "type": "origins:execute_command",
                        "command": "kill @s"
                    }
                }
            ]
        }
    }
}